classifier,project,run,precision,recall,f1
Naive Bayes (Baseline),tensorflow,1,0.0,0.0,0.0
Naive Bayes (Baseline),tensorflow,2,0.0,0.0,0.0
Naive Bayes (Baseline),tensorflow,3,0.0,0.0,0.0
Naive Bayes (Baseline),tensorflow,4,0.0,0.0,0.0
Naive Bayes (Baseline),tensorflow,5,0.0,0.0,0.0
Naive Bayes (Baseline),tensorflow,6,0.0,0.0,0.0
Naive Bayes (Baseline),tensorflow,7,0.0,0.0,0.0
Naive Bayes (Baseline),tensorflow,8,0.0,0.0,0.0
Naive Bayes (Baseline),tensorflow,9,0.0,0.0,0.0
Naive Bayes (Baseline),tensorflow,10,0.0,0.0,0.0
Naive Bayes (Baseline),tensorflow,11,0.0,0.0,0.0
Naive Bayes (Baseline),tensorflow,12,0.0,0.0,0.0
Naive Bayes (Baseline),tensorflow,13,0.0,0.0,0.0
Naive Bayes (Baseline),tensorflow,14,0.0,0.0,0.0
Naive Bayes (Baseline),tensorflow,15,0.0,0.0,0.0
Naive Bayes (Baseline),tensorflow,16,0.0,0.0,0.0
Naive Bayes (Baseline),tensorflow,17,0.0,0.0,0.0
Naive Bayes (Baseline),tensorflow,18,0.0,0.0,0.0
Naive Bayes (Baseline),tensorflow,19,0.0,0.0,0.0
Naive Bayes (Baseline),tensorflow,20,0.0,0.0,0.0
Naive Bayes (Baseline),tensorflow,21,0.0,0.0,0.0
Naive Bayes (Baseline),tensorflow,22,0.0,0.0,0.0
Naive Bayes (Baseline),tensorflow,23,0.0,0.0,0.0
Naive Bayes (Baseline),tensorflow,24,0.0,0.0,0.0
Naive Bayes (Baseline),tensorflow,25,0.0,0.0,0.0
Naive Bayes (Baseline),tensorflow,26,0.0,0.0,0.0
Naive Bayes (Baseline),tensorflow,27,0.0,0.0,0.0
Naive Bayes (Baseline),tensorflow,28,0.0,0.0,0.0
Naive Bayes (Baseline),tensorflow,29,0.0,0.0,0.0
Naive Bayes (Baseline),tensorflow,30,0.0,0.0,0.0
Naive Bayes (Baseline),pytorch,1,0.0,0.0,0.0
Naive Bayes (Baseline),pytorch,2,0.0,0.0,0.0
Naive Bayes (Baseline),pytorch,3,0.0,0.0,0.0
Naive Bayes (Baseline),pytorch,4,0.0,0.0,0.0
Naive Bayes (Baseline),pytorch,5,0.0,0.0,0.0
Naive Bayes (Baseline),pytorch,6,0.0,0.0,0.0
Naive Bayes (Baseline),pytorch,7,0.0,0.0,0.0
Naive Bayes (Baseline),pytorch,8,0.0,0.0,0.0
Naive Bayes (Baseline),pytorch,9,0.0,0.0,0.0
Naive Bayes (Baseline),pytorch,10,0.0,0.0,0.0
Naive Bayes (Baseline),pytorch,11,0.0,0.0,0.0
Naive Bayes (Baseline),pytorch,12,0.0,0.0,0.0
Naive Bayes (Baseline),pytorch,13,0.0,0.0,0.0
Naive Bayes (Baseline),pytorch,14,0.0,0.0,0.0
Naive Bayes (Baseline),pytorch,15,0.0,0.0,0.0
Naive Bayes (Baseline),pytorch,16,0.0,0.0,0.0
Naive Bayes (Baseline),pytorch,17,0.0,0.0,0.0
Naive Bayes (Baseline),pytorch,18,0.0,0.0,0.0
Naive Bayes (Baseline),pytorch,19,0.0,0.0,0.0
Naive Bayes (Baseline),pytorch,20,0.0,0.0,0.0
Naive Bayes (Baseline),pytorch,21,0.0,0.0,0.0
Naive Bayes (Baseline),pytorch,22,0.0,0.0,0.0
Naive Bayes (Baseline),pytorch,23,0.0,0.0,0.0
Naive Bayes (Baseline),pytorch,24,0.0,0.0,0.0
Naive Bayes (Baseline),pytorch,25,0.0,0.0,0.0
Naive Bayes (Baseline),pytorch,26,0.0,0.0,0.0
Naive Bayes (Baseline),pytorch,27,0.0,0.0,0.0
Naive Bayes (Baseline),pytorch,28,0.0,0.0,0.0
Naive Bayes (Baseline),pytorch,29,0.0,0.0,0.0
Naive Bayes (Baseline),pytorch,30,0.0,0.0,0.0
Naive Bayes (Baseline),keras,1,0.0,0.0,0.0
Naive Bayes (Baseline),keras,2,0.0,0.0,0.0
Naive Bayes (Baseline),keras,3,0.0,0.0,0.0
Naive Bayes (Baseline),keras,4,0.0,0.0,0.0
Naive Bayes (Baseline),keras,5,0.0,0.0,0.0
Naive Bayes (Baseline),keras,6,0.0,0.0,0.0
Naive Bayes (Baseline),keras,7,0.0,0.0,0.0
Naive Bayes (Baseline),keras,8,0.0,0.0,0.0
Naive Bayes (Baseline),keras,9,0.0,0.0,0.0
Naive Bayes (Baseline),keras,10,0.0,0.0,0.0
Naive Bayes (Baseline),keras,11,0.0,0.0,0.0
Naive Bayes (Baseline),keras,12,0.0,0.0,0.0
Naive Bayes (Baseline),keras,13,0.0,0.0,0.0
Naive Bayes (Baseline),keras,14,1.0,0.02631578947368421,0.05128205128205128
Naive Bayes (Baseline),keras,15,0.0,0.0,0.0
Naive Bayes (Baseline),keras,16,0.0,0.0,0.0
Naive Bayes (Baseline),keras,17,0.0,0.0,0.0
Naive Bayes (Baseline),keras,18,0.0,0.0,0.0
Naive Bayes (Baseline),keras,19,0.0,0.0,0.0
Naive Bayes (Baseline),keras,20,0.0,0.0,0.0
Naive Bayes (Baseline),keras,21,0.0,0.0,0.0
Naive Bayes (Baseline),keras,22,0.0,0.0,0.0
Naive Bayes (Baseline),keras,23,1.0,0.02564102564102564,0.05
Naive Bayes (Baseline),keras,24,0.0,0.0,0.0
Naive Bayes (Baseline),keras,25,0.0,0.0,0.0
Naive Bayes (Baseline),keras,26,0.0,0.0,0.0
Naive Bayes (Baseline),keras,27,0.0,0.0,0.0
Naive Bayes (Baseline),keras,28,0.0,0.0,0.0
Naive Bayes (Baseline),keras,29,0.0,0.0,0.0
Naive Bayes (Baseline),keras,30,0.0,0.0,0.0
Naive Bayes (Baseline),incubator-mxnet,1,0.0,0.0,0.0
Naive Bayes (Baseline),incubator-mxnet,2,0.0,0.0,0.0
Naive Bayes (Baseline),incubator-mxnet,3,0.0,0.0,0.0
Naive Bayes (Baseline),incubator-mxnet,4,0.0,0.0,0.0
Naive Bayes (Baseline),incubator-mxnet,5,0.0,0.0,0.0
Naive Bayes (Baseline),incubator-mxnet,6,0.0,0.0,0.0
Naive Bayes (Baseline),incubator-mxnet,7,0.0,0.0,0.0
Naive Bayes (Baseline),incubator-mxnet,8,0.0,0.0,0.0
Naive Bayes (Baseline),incubator-mxnet,9,0.0,0.0,0.0
Naive Bayes (Baseline),incubator-mxnet,10,0.0,0.0,0.0
Naive Bayes (Baseline),incubator-mxnet,11,0.0,0.0,0.0
Naive Bayes (Baseline),incubator-mxnet,12,0.0,0.0,0.0
Naive Bayes (Baseline),incubator-mxnet,13,0.0,0.0,0.0
Naive Bayes (Baseline),incubator-mxnet,14,0.0,0.0,0.0
Naive Bayes (Baseline),incubator-mxnet,15,0.0,0.0,0.0
Naive Bayes (Baseline),incubator-mxnet,16,0.0,0.0,0.0
Naive Bayes (Baseline),incubator-mxnet,17,0.0,0.0,0.0
Naive Bayes (Baseline),incubator-mxnet,18,0.0,0.0,0.0
Naive Bayes (Baseline),incubator-mxnet,19,0.0,0.0,0.0
Naive Bayes (Baseline),incubator-mxnet,20,0.0,0.0,0.0
Naive Bayes (Baseline),incubator-mxnet,21,0.0,0.0,0.0
Naive Bayes (Baseline),incubator-mxnet,22,0.0,0.0,0.0
Naive Bayes (Baseline),incubator-mxnet,23,0.0,0.0,0.0
Naive Bayes (Baseline),incubator-mxnet,24,0.0,0.0,0.0
Naive Bayes (Baseline),incubator-mxnet,25,0.0,0.0,0.0
Naive Bayes (Baseline),incubator-mxnet,26,0.0,0.0,0.0
Naive Bayes (Baseline),incubator-mxnet,27,0.0,0.0,0.0
Naive Bayes (Baseline),incubator-mxnet,28,0.0,0.0,0.0
Naive Bayes (Baseline),incubator-mxnet,29,0.0,0.0,0.0
Naive Bayes (Baseline),incubator-mxnet,30,0.0,0.0,0.0
Naive Bayes (Baseline),caffe,1,0.0,0.0,0.0
Naive Bayes (Baseline),caffe,2,0.0,0.0,0.0
Naive Bayes (Baseline),caffe,3,0.0,0.0,0.0
Naive Bayes (Baseline),caffe,4,0.0,0.0,0.0
Naive Bayes (Baseline),caffe,5,0.0,0.0,0.0
Naive Bayes (Baseline),caffe,6,0.0,0.0,0.0
Naive Bayes (Baseline),caffe,7,0.0,0.0,0.0
Naive Bayes (Baseline),caffe,8,0.0,0.0,0.0
Naive Bayes (Baseline),caffe,9,0.0,0.0,0.0
Naive Bayes (Baseline),caffe,10,0.0,0.0,0.0
Naive Bayes (Baseline),caffe,11,0.0,0.0,0.0
Naive Bayes (Baseline),caffe,12,0.0,0.0,0.0
Naive Bayes (Baseline),caffe,13,0.0,0.0,0.0
Naive Bayes (Baseline),caffe,14,0.0,0.0,0.0
Naive Bayes (Baseline),caffe,15,0.0,0.0,0.0
Naive Bayes (Baseline),caffe,16,0.0,0.0,0.0
Naive Bayes (Baseline),caffe,17,0.0,0.0,0.0
Naive Bayes (Baseline),caffe,18,0.0,0.0,0.0
Naive Bayes (Baseline),caffe,19,0.0,0.0,0.0
Naive Bayes (Baseline),caffe,20,0.0,0.0,0.0
Naive Bayes (Baseline),caffe,21,0.0,0.0,0.0
Naive Bayes (Baseline),caffe,22,0.0,0.0,0.0
Naive Bayes (Baseline),caffe,23,0.0,0.0,0.0
Naive Bayes (Baseline),caffe,24,0.0,0.0,0.0
Naive Bayes (Baseline),caffe,25,0.0,0.0,0.0
Naive Bayes (Baseline),caffe,26,0.0,0.0,0.0
Naive Bayes (Baseline),caffe,27,0.0,0.0,0.0
Naive Bayes (Baseline),caffe,28,0.0,0.0,0.0
Naive Bayes (Baseline),caffe,29,0.0,0.0,0.0
Naive Bayes (Baseline),caffe,30,0.0,0.0,0.0
SVM,tensorflow,1,0.7611940298507462,0.6623376623376623,0.7083333333333334
SVM,tensorflow,2,0.7466666666666667,0.691358024691358,0.717948717948718
SVM,tensorflow,3,0.676056338028169,0.6153846153846154,0.6442953020134228
SVM,tensorflow,4,0.7894736842105263,0.6185567010309279,0.6936416184971098
SVM,tensorflow,5,0.75,0.7586206896551724,0.7542857142857143
SVM,tensorflow,6,0.7261904761904762,0.7721518987341772,0.7484662576687117
SVM,tensorflow,7,0.7162162162162162,0.6235294117647059,0.6666666666666666
SVM,tensorflow,8,0.7625,0.6853932584269663,0.7218934911242604
SVM,tensorflow,9,0.7974683544303798,0.7159090909090909,0.7544910179640718
SVM,tensorflow,10,0.7536231884057971,0.6190476190476191,0.6797385620915033
SVM,tensorflow,11,0.8181818181818182,0.6352941176470588,0.7152317880794702
SVM,tensorflow,12,0.726027397260274,0.6463414634146342,0.6838709677419355
SVM,tensorflow,13,0.6911764705882353,0.618421052631579,0.6527777777777778
SVM,tensorflow,14,0.7032967032967034,0.7441860465116279,0.7231638418079096
SVM,tensorflow,15,0.6923076923076923,0.75,0.72
SVM,tensorflow,16,0.6818181818181818,0.6976744186046512,0.6896551724137931
SVM,tensorflow,17,0.6986301369863014,0.6710526315789473,0.6845637583892618
SVM,tensorflow,18,0.7763157894736842,0.6276595744680851,0.6941176470588235
SVM,tensorflow,19,0.7241379310344828,0.7682926829268293,0.7455621301775148
SVM,tensorflow,20,0.6708860759493671,0.7162162162162162,0.6928104575163399
SVM,tensorflow,21,0.6551724137931034,0.7215189873417721,0.6867469879518072
SVM,tensorflow,22,0.6941176470588235,0.7283950617283951,0.7108433734939759
SVM,tensorflow,23,0.7325581395348837,0.65625,0.6923076923076923
SVM,tensorflow,24,0.6947368421052632,0.7333333333333333,0.7135135135135136
SVM,tensorflow,25,0.7160493827160493,0.7341772151898734,0.725
SVM,tensorflow,26,0.7195121951219512,0.686046511627907,0.7023809523809523
SVM,tensorflow,27,0.6842105263157895,0.8333333333333334,0.7514450867052023
SVM,tensorflow,28,0.7763157894736842,0.6629213483146067,0.7151515151515152
SVM,tensorflow,29,0.6588235294117647,0.7466666666666667,0.7
SVM,tensorflow,30,0.72,0.7105263157894737,0.7152317880794702
SVM,pytorch,1,0.6071428571428571,0.5862068965517241,0.5964912280701754
SVM,pytorch,2,0.7142857142857143,0.4411764705882353,0.5454545454545454
SVM,pytorch,3,0.5625,0.34615384615384615,0.42857142857142855
SVM,pytorch,4,0.631578947368421,0.48,0.5454545454545454
SVM,pytorch,5,0.5384615384615384,0.4666666666666667,0.5
SVM,pytorch,6,0.5,0.45454545454545453,0.47619047619047616
SVM,pytorch,7,0.6470588235294118,0.4074074074074074,0.5
SVM,pytorch,8,0.7,0.5833333333333334,0.6363636363636364
SVM,pytorch,9,0.6666666666666666,0.4375,0.5283018867924528
SVM,pytorch,10,0.7368421052631579,0.3783783783783784,0.5
SVM,pytorch,11,0.5416666666666666,0.5,0.52
SVM,pytorch,12,0.5833333333333334,0.5384615384615384,0.56
SVM,pytorch,13,0.5384615384615384,0.42424242424242425,0.4745762711864407
SVM,pytorch,14,0.6923076923076923,0.6206896551724138,0.6545454545454545
SVM,pytorch,15,0.5909090909090909,0.4482758620689655,0.5098039215686274
SVM,pytorch,16,0.45454545454545453,0.4166666666666667,0.43478260869565216
SVM,pytorch,17,0.4074074074074074,0.3793103448275862,0.39285714285714285
SVM,pytorch,18,0.5,0.5714285714285714,0.5333333333333333
SVM,pytorch,19,0.5833333333333334,0.4375,0.5
SVM,pytorch,20,0.5769230769230769,0.5357142857142857,0.5555555555555556
SVM,pytorch,21,0.5769230769230769,0.4411764705882353,0.5
SVM,pytorch,22,0.7692307692307693,0.3448275862068966,0.47619047619047616
SVM,pytorch,23,0.5862068965517241,0.6296296296296297,0.6071428571428571
SVM,pytorch,24,0.5652173913043478,0.5,0.5306122448979592
SVM,pytorch,25,0.42105263157894735,0.3076923076923077,0.35555555555555557
SVM,pytorch,26,0.5454545454545454,0.46153846153846156,0.5
SVM,pytorch,27,0.5882352941176471,0.3333333333333333,0.425531914893617
SVM,pytorch,28,0.55,0.4782608695652174,0.5116279069767442
SVM,pytorch,29,0.6666666666666666,0.4,0.5
SVM,pytorch,30,0.5,0.4,0.4444444444444444
SVM,keras,1,0.696969696969697,0.5897435897435898,0.6388888888888888
SVM,keras,2,0.7058823529411765,0.5714285714285714,0.631578947368421
SVM,keras,3,0.6923076923076923,0.46153846153846156,0.5538461538461539
SVM,keras,4,0.6410256410256411,0.5208333333333334,0.5747126436781609
SVM,keras,5,0.75,0.75,0.75
SVM,keras,6,0.7666666666666667,0.6764705882352942,0.71875
SVM,keras,7,0.6923076923076923,0.6428571428571429,0.6666666666666666
SVM,keras,8,0.6451612903225806,0.6060606060606061,0.625
SVM,keras,9,0.75,0.675,0.7105263157894737
SVM,keras,10,0.7333333333333333,0.4583333333333333,0.5641025641025641
SVM,keras,11,0.6578947368421053,0.6756756756756757,0.6666666666666666
SVM,keras,12,0.6571428571428571,0.6764705882352942,0.6666666666666666
SVM,keras,13,0.7931034482758621,0.5897435897435898,0.6764705882352942
SVM,keras,14,0.6170212765957447,0.7631578947368421,0.6823529411764706
SVM,keras,15,0.8214285714285714,0.4791666666666667,0.6052631578947368
SVM,keras,16,0.7142857142857143,0.5555555555555556,0.625
SVM,keras,17,0.6923076923076923,0.7941176470588235,0.7397260273972602
SVM,keras,18,0.75,0.5384615384615384,0.6268656716417911
SVM,keras,19,0.7045454545454546,0.6888888888888889,0.6966292134831461
SVM,keras,20,0.75,0.5581395348837209,0.64
SVM,keras,21,0.6666666666666666,0.4888888888888889,0.5641025641025641
SVM,keras,22,0.6666666666666666,0.631578947368421,0.6486486486486487
SVM,keras,23,0.6785714285714286,0.48717948717948717,0.5671641791044776
SVM,keras,24,0.6410256410256411,0.6944444444444444,0.6666666666666666
SVM,keras,25,0.8620689655172413,0.6097560975609756,0.7142857142857143
SVM,keras,26,0.6875,0.5945945945945946,0.6376811594202898
SVM,keras,27,0.6764705882352942,0.5348837209302325,0.5974025974025974
SVM,keras,28,0.6875,0.5116279069767442,0.5866666666666667
SVM,keras,29,0.6944444444444444,0.5319148936170213,0.6024096385542169
SVM,keras,30,0.6764705882352942,0.5476190476190477,0.6052631578947368
SVM,incubator-mxnet,1,0.75,0.42857142857142855,0.5454545454545454
SVM,incubator-mxnet,2,0.5384615384615384,0.4375,0.4827586206896552
SVM,incubator-mxnet,3,0.5333333333333333,0.47058823529411764,0.5
SVM,incubator-mxnet,4,0.6,0.375,0.46153846153846156
SVM,incubator-mxnet,5,0.9090909090909091,0.625,0.7407407407407407
SVM,incubator-mxnet,6,0.6428571428571429,0.5294117647058824,0.5806451612903226
SVM,incubator-mxnet,7,0.46153846153846156,0.3333333333333333,0.3870967741935484
SVM,incubator-mxnet,8,0.5555555555555556,0.45454545454545453,0.5
SVM,incubator-mxnet,9,0.35714285714285715,0.25,0.29411764705882354
SVM,incubator-mxnet,10,0.5714285714285714,0.5714285714285714,0.5714285714285714
SVM,incubator-mxnet,11,0.5454545454545454,0.46153846153846156,0.5
SVM,incubator-mxnet,12,0.7857142857142857,0.5789473684210527,0.6666666666666666
SVM,incubator-mxnet,13,0.6,0.5714285714285714,0.5853658536585366
SVM,incubator-mxnet,14,0.5714285714285714,0.47058823529411764,0.5161290322580645
SVM,incubator-mxnet,15,0.5555555555555556,0.5555555555555556,0.5555555555555556
SVM,incubator-mxnet,16,0.5714285714285714,0.38095238095238093,0.45714285714285713
SVM,incubator-mxnet,17,0.7272727272727273,0.47058823529411764,0.5714285714285714
SVM,incubator-mxnet,18,0.6153846153846154,0.42105263157894735,0.5
SVM,incubator-mxnet,19,0.8181818181818182,0.34615384615384615,0.4864864864864865
SVM,incubator-mxnet,20,0.625,0.43478260869565216,0.5128205128205128
SVM,incubator-mxnet,21,0.75,0.42857142857142855,0.5454545454545454
SVM,incubator-mxnet,22,0.625,0.43478260869565216,0.5128205128205128
SVM,incubator-mxnet,23,0.7857142857142857,0.6875,0.7333333333333333
SVM,incubator-mxnet,24,0.46153846153846156,0.42857142857142855,0.4444444444444444
SVM,incubator-mxnet,25,0.8,0.36363636363636365,0.5
SVM,incubator-mxnet,26,0.5294117647058824,0.6428571428571429,0.5806451612903226
SVM,incubator-mxnet,27,0.6923076923076923,0.5,0.5806451612903226
SVM,incubator-mxnet,28,0.5833333333333334,0.4117647058823529,0.4827586206896552
SVM,incubator-mxnet,29,0.7333333333333333,0.4230769230769231,0.5365853658536586
SVM,incubator-mxnet,30,0.5,0.2692307692307692,0.35
SVM,caffe,1,0.6666666666666666,0.5,0.5714285714285714
SVM,caffe,2,0.5,0.1111111111111111,0.18181818181818182
SVM,caffe,3,1.0,0.06666666666666667,0.125
SVM,caffe,4,0.75,0.2727272727272727,0.4
SVM,caffe,5,0.5,0.1111111111111111,0.18181818181818182
SVM,caffe,6,0.6666666666666666,0.3333333333333333,0.4444444444444444
SVM,caffe,7,0.6666666666666666,0.18181818181818182,0.2857142857142857
SVM,caffe,8,0.25,0.2,0.2222222222222222
SVM,caffe,9,1.0,0.18181818181818182,0.3076923076923077
SVM,caffe,10,0.0,0.0,0.0
SVM,caffe,11,1.0,0.2222222222222222,0.36363636363636365
SVM,caffe,12,0.0,0.0,0.0
SVM,caffe,13,0.3333333333333333,0.08333333333333333,0.13333333333333333
SVM,caffe,14,1.0,0.14285714285714285,0.25
SVM,caffe,15,1.0,0.21428571428571427,0.35294117647058826
SVM,caffe,16,0.3333333333333333,0.3333333333333333,0.3333333333333333
SVM,caffe,17,0.0,0.0,0.0
SVM,caffe,18,1.0,0.14285714285714285,0.25
SVM,caffe,19,0.5,0.08333333333333333,0.14285714285714285
SVM,caffe,20,0.75,0.25,0.375
SVM,caffe,21,0.3333333333333333,0.1111111111111111,0.16666666666666666
SVM,caffe,22,0.6,0.3333333333333333,0.42857142857142855
SVM,caffe,23,1.0,0.2857142857142857,0.4444444444444444
SVM,caffe,24,0.5,0.3333333333333333,0.4
SVM,caffe,25,0.5,0.1,0.16666666666666666
SVM,caffe,26,0.3333333333333333,0.07692307692307693,0.125
SVM,caffe,27,0.6666666666666666,0.2,0.3076923076923077
SVM,caffe,28,0.5,0.375,0.42857142857142855
SVM,caffe,29,0.4,0.3333333333333333,0.36363636363636365
SVM,caffe,30,0.6666666666666666,0.3333333333333333,0.4444444444444444
Random Forest,tensorflow,1,0.9,0.23376623376623376,0.3711340206185567
Random Forest,tensorflow,2,0.7368421052631579,0.1728395061728395,0.28
Random Forest,tensorflow,3,0.6363636363636364,0.08974358974358974,0.15730337078651685
Random Forest,tensorflow,4,0.7,0.14432989690721648,0.23931623931623933
Random Forest,tensorflow,5,0.8518518518518519,0.26436781609195403,0.40350877192982454
Random Forest,tensorflow,6,0.9411764705882353,0.20253164556962025,0.3333333333333333
Random Forest,tensorflow,7,0.75,0.1411764705882353,0.2376237623762376
Random Forest,tensorflow,8,0.7142857142857143,0.16853932584269662,0.2727272727272727
Random Forest,tensorflow,9,0.7727272727272727,0.19318181818181818,0.3090909090909091
Random Forest,tensorflow,10,1.0,0.14285714285714285,0.25
Random Forest,tensorflow,11,1.0,0.18823529411764706,0.31683168316831684
Random Forest,tensorflow,12,0.9090909090909091,0.12195121951219512,0.21505376344086022
Random Forest,tensorflow,13,0.7083333333333334,0.2236842105263158,0.34
Random Forest,tensorflow,14,0.8888888888888888,0.09302325581395349,0.16842105263157894
Random Forest,tensorflow,15,0.7916666666666666,0.2638888888888889,0.3958333333333333
Random Forest,tensorflow,16,0.64,0.18604651162790697,0.2882882882882883
Random Forest,tensorflow,17,0.9285714285714286,0.17105263157894737,0.28888888888888886
Random Forest,tensorflow,18,0.7241379310344828,0.22340425531914893,0.34146341463414637
Random Forest,tensorflow,19,0.85,0.2073170731707317,0.3333333333333333
Random Forest,tensorflow,20,0.8076923076923077,0.28378378378378377,0.42
Random Forest,tensorflow,21,0.7142857142857143,0.189873417721519,0.3
Random Forest,tensorflow,22,0.7777777777777778,0.1728395061728395,0.2828282828282828
Random Forest,tensorflow,23,0.9,0.09375,0.16981132075471697
Random Forest,tensorflow,24,0.64,0.17777777777777778,0.2782608695652174
Random Forest,tensorflow,25,0.8695652173913043,0.25316455696202533,0.39215686274509803
Random Forest,tensorflow,26,0.7368421052631579,0.16279069767441862,0.26666666666666666
Random Forest,tensorflow,27,0.782608695652174,0.23076923076923078,0.3564356435643564
Random Forest,tensorflow,28,0.8947368421052632,0.19101123595505617,0.3148148148148148
Random Forest,tensorflow,29,0.7058823529411765,0.16,0.2608695652173913
Random Forest,tensorflow,30,0.5625,0.11842105263157894,0.1956521739130435
Random Forest,pytorch,1,0.0,0.0,0.0
Random Forest,pytorch,2,1.0,0.029411764705882353,0.05714285714285714
Random Forest,pytorch,3,1.0,0.07692307692307693,0.14285714285714285
Random Forest,pytorch,4,0.5,0.04,0.07407407407407407
Random Forest,pytorch,5,0.0,0.0,0.0
Random Forest,pytorch,6,0.6666666666666666,0.09090909090909091,0.16
Random Forest,pytorch,7,1.0,0.037037037037037035,0.07142857142857142
Random Forest,pytorch,8,0.0,0.0,0.0
Random Forest,pytorch,9,0.0,0.0,0.0
Random Forest,pytorch,10,0.0,0.0,0.0
Random Forest,pytorch,11,1.0,0.038461538461538464,0.07407407407407407
Random Forest,pytorch,12,0.5,0.038461538461538464,0.07142857142857142
Random Forest,pytorch,13,1.0,0.030303030303030304,0.058823529411764705
Random Forest,pytorch,14,0.0,0.0,0.0
Random Forest,pytorch,15,0.0,0.0,0.0
Random Forest,pytorch,16,1.0,0.041666666666666664,0.08
Random Forest,pytorch,17,0.0,0.0,0.0
Random Forest,pytorch,18,1.0,0.047619047619047616,0.09090909090909091
Random Forest,pytorch,19,1.0,0.0625,0.11764705882352941
Random Forest,pytorch,20,1.0,0.10714285714285714,0.1935483870967742
Random Forest,pytorch,21,0.0,0.0,0.0
Random Forest,pytorch,22,0.0,0.0,0.0
Random Forest,pytorch,23,0.0,0.0,0.0
Random Forest,pytorch,24,0.0,0.0,0.0
Random Forest,pytorch,25,1.0,0.038461538461538464,0.07407407407407407
Random Forest,pytorch,26,0.0,0.0,0.0
Random Forest,pytorch,27,1.0,0.03333333333333333,0.06451612903225806
Random Forest,pytorch,28,1.0,0.043478260869565216,0.08333333333333333
Random Forest,pytorch,29,0.0,0.0,0.0
Random Forest,pytorch,30,0.5,0.03333333333333333,0.0625
Random Forest,keras,1,1.0,0.1282051282051282,0.22727272727272727
Random Forest,keras,2,1.0,0.14285714285714285,0.25
Random Forest,keras,3,0.75,0.07692307692307693,0.13953488372093023
Random Forest,keras,4,1.0,0.020833333333333332,0.04081632653061224
Random Forest,keras,5,1.0,0.075,0.13953488372093023
Random Forest,keras,6,1.0,0.08823529411764706,0.16216216216216217
Random Forest,keras,7,0.6666666666666666,0.047619047619047616,0.08888888888888889
Random Forest,keras,8,0.75,0.09090909090909091,0.16216216216216217
Random Forest,keras,9,0.8333333333333334,0.125,0.21739130434782608
Random Forest,keras,10,1.0,0.125,0.2222222222222222
Random Forest,keras,11,0.8,0.10810810810810811,0.19047619047619047
Random Forest,keras,12,1.0,0.08823529411764706,0.16216216216216217
Random Forest,keras,13,0.5,0.02564102564102564,0.04878048780487805
Random Forest,keras,14,0.75,0.15789473684210525,0.2608695652173913
Random Forest,keras,15,1.0,0.041666666666666664,0.08
Random Forest,keras,16,0.7142857142857143,0.1388888888888889,0.23255813953488372
Random Forest,keras,17,0.5,0.029411764705882353,0.05555555555555555
Random Forest,keras,18,0.8571428571428571,0.15384615384615385,0.2608695652173913
Random Forest,keras,19,1.0,0.13333333333333333,0.23529411764705882
Random Forest,keras,20,0.8,0.09302325581395349,0.16666666666666666
Random Forest,keras,21,1.0,0.08888888888888889,0.16326530612244897
Random Forest,keras,22,0.7142857142857143,0.13157894736842105,0.2222222222222222
Random Forest,keras,23,0.6666666666666666,0.10256410256410256,0.17777777777777778
Random Forest,keras,24,0.5,0.05555555555555555,0.1
Random Forest,keras,25,1.0,0.14634146341463414,0.2553191489361702
Random Forest,keras,26,0.625,0.13513513513513514,0.2222222222222222
Random Forest,keras,27,0.5,0.023255813953488372,0.044444444444444446
Random Forest,keras,28,1.0,0.09302325581395349,0.1702127659574468
Random Forest,keras,29,1.0,0.0851063829787234,0.1568627450980392
Random Forest,keras,30,0.75,0.07142857142857142,0.13043478260869565
Random Forest,incubator-mxnet,1,0.0,0.0,0.0
Random Forest,incubator-mxnet,2,0.0,0.0,0.0
Random Forest,incubator-mxnet,3,0.0,0.0,0.0
Random Forest,incubator-mxnet,4,0.0,0.0,0.0
Random Forest,incubator-mxnet,5,0.0,0.0,0.0
Random Forest,incubator-mxnet,6,0.0,0.0,0.0
Random Forest,incubator-mxnet,7,0.0,0.0,0.0
Random Forest,incubator-mxnet,8,0.0,0.0,0.0
Random Forest,incubator-mxnet,9,1.0,0.05,0.09523809523809523
Random Forest,incubator-mxnet,10,0.0,0.0,0.0
Random Forest,incubator-mxnet,11,0.0,0.0,0.0
Random Forest,incubator-mxnet,12,0.0,0.0,0.0
Random Forest,incubator-mxnet,13,0.0,0.0,0.0
Random Forest,incubator-mxnet,14,0.0,0.0,0.0
Random Forest,incubator-mxnet,15,0.0,0.0,0.0
Random Forest,incubator-mxnet,16,0.0,0.0,0.0
Random Forest,incubator-mxnet,17,0.0,0.0,0.0
Random Forest,incubator-mxnet,18,0.0,0.0,0.0
Random Forest,incubator-mxnet,19,0.0,0.0,0.0
Random Forest,incubator-mxnet,20,0.0,0.0,0.0
Random Forest,incubator-mxnet,21,0.0,0.0,0.0
Random Forest,incubator-mxnet,22,0.0,0.0,0.0
Random Forest,incubator-mxnet,23,0.0,0.0,0.0
Random Forest,incubator-mxnet,24,0.0,0.0,0.0
Random Forest,incubator-mxnet,25,0.0,0.0,0.0
Random Forest,incubator-mxnet,26,0.0,0.0,0.0
Random Forest,incubator-mxnet,27,0.0,0.0,0.0
Random Forest,incubator-mxnet,28,0.0,0.0,0.0
Random Forest,incubator-mxnet,29,0.0,0.0,0.0
Random Forest,incubator-mxnet,30,0.0,0.0,0.0
Random Forest,caffe,1,0.0,0.0,0.0
Random Forest,caffe,2,0.0,0.0,0.0
Random Forest,caffe,3,0.0,0.0,0.0
Random Forest,caffe,4,0.0,0.0,0.0
Random Forest,caffe,5,0.0,0.0,0.0
Random Forest,caffe,6,0.0,0.0,0.0
Random Forest,caffe,7,0.0,0.0,0.0
Random Forest,caffe,8,0.0,0.0,0.0
Random Forest,caffe,9,0.0,0.0,0.0
Random Forest,caffe,10,0.0,0.0,0.0
Random Forest,caffe,11,0.0,0.0,0.0
Random Forest,caffe,12,0.0,0.0,0.0
Random Forest,caffe,13,0.0,0.0,0.0
Random Forest,caffe,14,0.0,0.0,0.0
Random Forest,caffe,15,0.0,0.0,0.0
Random Forest,caffe,16,0.0,0.0,0.0
Random Forest,caffe,17,0.0,0.0,0.0
Random Forest,caffe,18,0.0,0.0,0.0
Random Forest,caffe,19,0.0,0.0,0.0
Random Forest,caffe,20,0.0,0.0,0.0
Random Forest,caffe,21,0.0,0.0,0.0
Random Forest,caffe,22,0.0,0.0,0.0
Random Forest,caffe,23,0.0,0.0,0.0
Random Forest,caffe,24,0.0,0.0,0.0
Random Forest,caffe,25,0.0,0.0,0.0
Random Forest,caffe,26,0.0,0.0,0.0
Random Forest,caffe,27,0.0,0.0,0.0
Random Forest,caffe,28,0.0,0.0,0.0
Random Forest,caffe,29,0.0,0.0,0.0
Random Forest,caffe,30,0.0,0.0,0.0
Logistic Regression,tensorflow,1,0.6373626373626373,0.7532467532467533,0.6904761904761905
Logistic Regression,tensorflow,2,0.6161616161616161,0.7530864197530864,0.6777777777777778
Logistic Regression,tensorflow,3,0.6444444444444445,0.7435897435897436,0.6904761904761905
Logistic Regression,tensorflow,4,0.6868686868686869,0.7010309278350515,0.6938775510204082
Logistic Regression,tensorflow,5,0.6173913043478261,0.8160919540229885,0.7029702970297029
Logistic Regression,tensorflow,6,0.5740740740740741,0.7848101265822784,0.6631016042780749
Logistic Regression,tensorflow,7,0.5700934579439252,0.7176470588235294,0.6354166666666666
Logistic Regression,tensorflow,8,0.69,0.7752808988764045,0.7301587301587301
Logistic Regression,tensorflow,9,0.6442307692307693,0.7613636363636364,0.6979166666666666
Logistic Regression,tensorflow,10,0.6701030927835051,0.7738095238095238,0.7182320441988951
Logistic Regression,tensorflow,11,0.6989247311827957,0.7647058823529411,0.7303370786516854
Logistic Regression,tensorflow,12,0.6326530612244898,0.7560975609756098,0.6888888888888889
Logistic Regression,tensorflow,13,0.6,0.75,0.6666666666666666
Logistic Regression,tensorflow,14,0.6238532110091743,0.7906976744186046,0.6974358974358974
Logistic Regression,tensorflow,15,0.6226415094339622,0.9166666666666666,0.7415730337078652
Logistic Regression,tensorflow,16,0.584070796460177,0.7674418604651163,0.6633165829145728
Logistic Regression,tensorflow,17,0.5887850467289719,0.8289473684210527,0.6885245901639344
Logistic Regression,tensorflow,18,0.6666666666666666,0.723404255319149,0.6938775510204082
Logistic Regression,tensorflow,19,0.6173913043478261,0.8658536585365854,0.7208121827411168
Logistic Regression,tensorflow,20,0.5181818181818182,0.7702702702702703,0.6195652173913043
Logistic Regression,tensorflow,21,0.5526315789473685,0.7974683544303798,0.6528497409326425
Logistic Regression,tensorflow,22,0.5794392523364486,0.7654320987654321,0.6595744680851063
Logistic Regression,tensorflow,23,0.6637931034482759,0.8020833333333334,0.7264150943396226
Logistic Regression,tensorflow,24,0.6160714285714286,0.7666666666666667,0.6831683168316832
Logistic Regression,tensorflow,25,0.5575221238938053,0.7974683544303798,0.65625
Logistic Regression,tensorflow,26,0.594059405940594,0.6976744186046512,0.6417112299465241
Logistic Regression,tensorflow,27,0.576271186440678,0.8717948717948718,0.6938775510204082
Logistic Regression,tensorflow,28,0.6545454545454545,0.8089887640449438,0.7236180904522613
Logistic Regression,tensorflow,29,0.5486725663716814,0.8266666666666667,0.6595744680851063
Logistic Regression,tensorflow,30,0.5760869565217391,0.6973684210526315,0.6309523809523809
Logistic Regression,pytorch,1,0.5555555555555556,0.6896551724137931,0.6153846153846154
Logistic Regression,pytorch,2,0.53125,0.5,0.5151515151515151
Logistic Regression,pytorch,3,0.4230769230769231,0.4230769230769231,0.4230769230769231
Logistic Regression,pytorch,4,0.5,0.52,0.5098039215686274
Logistic Regression,pytorch,5,0.5135135135135135,0.6333333333333333,0.5671641791044776
Logistic Regression,pytorch,6,0.38235294117647056,0.5909090909090909,0.4642857142857143
Logistic Regression,pytorch,7,0.5416666666666666,0.48148148148148145,0.5098039215686274
Logistic Regression,pytorch,8,0.5172413793103449,0.625,0.5660377358490566
Logistic Regression,pytorch,9,0.5555555555555556,0.625,0.5882352941176471
Logistic Regression,pytorch,10,0.625,0.5405405405405406,0.5797101449275363
Logistic Regression,pytorch,11,0.5454545454545454,0.6923076923076923,0.6101694915254238
Logistic Regression,pytorch,12,0.5588235294117647,0.7307692307692307,0.6333333333333333
Logistic Regression,pytorch,13,0.6,0.5454545454545454,0.5714285714285714
Logistic Regression,pytorch,14,0.5714285714285714,0.6896551724137931,0.625
Logistic Regression,pytorch,15,0.5151515151515151,0.5862068965517241,0.5483870967741935
Logistic Regression,pytorch,16,0.5,0.5416666666666666,0.52
Logistic Regression,pytorch,17,0.4166666666666667,0.5172413793103449,0.46153846153846156
Logistic Regression,pytorch,18,0.43333333333333335,0.6190476190476191,0.5098039215686274
Logistic Regression,pytorch,19,0.53125,0.53125,0.53125
Logistic Regression,pytorch,20,0.4473684210526316,0.6071428571428571,0.5151515151515151
Logistic Regression,pytorch,21,0.5526315789473685,0.6176470588235294,0.5833333333333334
Logistic Regression,pytorch,22,0.5384615384615384,0.4827586206896552,0.509090909090909
Logistic Regression,pytorch,23,0.47368421052631576,0.6666666666666666,0.5538461538461539
Logistic Regression,pytorch,24,0.4117647058823529,0.5384615384615384,0.4666666666666667
Logistic Regression,pytorch,25,0.42424242424242425,0.5384615384615384,0.4745762711864407
Logistic Regression,pytorch,26,0.5769230769230769,0.5769230769230769,0.5769230769230769
Logistic Regression,pytorch,27,0.5,0.4,0.4444444444444444
Logistic Regression,pytorch,28,0.4722222222222222,0.7391304347826086,0.576271186440678
Logistic Regression,pytorch,29,0.6774193548387096,0.6,0.6363636363636364
Logistic Regression,pytorch,30,0.3888888888888889,0.4666666666666667,0.42424242424242425
Logistic Regression,keras,1,0.6744186046511628,0.7435897435897436,0.7073170731707317
Logistic Regression,keras,2,0.6829268292682927,0.6666666666666666,0.6746987951807228
Logistic Regression,keras,3,0.6333333333333333,0.48717948717948717,0.5507246376811594
Logistic Regression,keras,4,0.6,0.5625,0.5806451612903226
Logistic Regression,keras,5,0.7441860465116279,0.8,0.7710843373493976
Logistic Regression,keras,6,0.6486486486486487,0.7058823529411765,0.676056338028169
Logistic Regression,keras,7,0.6222222222222222,0.6666666666666666,0.6436781609195402
Logistic Regression,keras,8,0.5641025641025641,0.6666666666666666,0.6111111111111112
Logistic Regression,keras,9,0.65,0.65,0.65
Logistic Regression,keras,10,0.6904761904761905,0.6041666666666666,0.6444444444444445
Logistic Regression,keras,11,0.6341463414634146,0.7027027027027027,0.6666666666666666
Logistic Regression,keras,12,0.5714285714285714,0.7058823529411765,0.631578947368421
Logistic Regression,keras,13,0.6153846153846154,0.6153846153846154,0.6153846153846154
Logistic Regression,keras,14,0.6078431372549019,0.8157894736842105,0.6966292134831461
Logistic Regression,keras,15,0.6829268292682927,0.5833333333333334,0.6292134831460674
Logistic Regression,keras,16,0.6486486486486487,0.6666666666666666,0.6575342465753424
Logistic Regression,keras,17,0.5833333333333334,0.8235294117647058,0.6829268292682927
Logistic Regression,keras,18,0.6285714285714286,0.5641025641025641,0.5945945945945946
Logistic Regression,keras,19,0.68,0.7555555555555555,0.7157894736842105
Logistic Regression,keras,20,0.6944444444444444,0.5813953488372093,0.6329113924050633
Logistic Regression,keras,21,0.6428571428571429,0.6,0.6206896551724138
Logistic Regression,keras,22,0.5909090909090909,0.6842105263157895,0.6341463414634146
Logistic Regression,keras,23,0.6285714285714286,0.5641025641025641,0.5945945945945946
Logistic Regression,keras,24,0.6511627906976745,0.7777777777777778,0.7088607594936709
Logistic Regression,keras,25,0.7878787878787878,0.6341463414634146,0.7027027027027027
Logistic Regression,keras,26,0.5714285714285714,0.6486486486486487,0.6075949367088608
Logistic Regression,keras,27,0.6842105263157895,0.6046511627906976,0.6419753086419753
Logistic Regression,keras,28,0.631578947368421,0.5581395348837209,0.5925925925925926
Logistic Regression,keras,29,0.6666666666666666,0.6808510638297872,0.6736842105263158
Logistic Regression,keras,30,0.717948717948718,0.6666666666666666,0.691358024691358
Logistic Regression,incubator-mxnet,1,0.6875,0.5238095238095238,0.5945945945945946
Logistic Regression,incubator-mxnet,2,0.5,0.5625,0.5294117647058824
Logistic Regression,incubator-mxnet,3,0.5294117647058824,0.5294117647058824,0.5294117647058824
Logistic Regression,incubator-mxnet,4,0.6153846153846154,0.5,0.5517241379310345
Logistic Regression,incubator-mxnet,5,0.8461538461538461,0.6875,0.7586206896551724
Logistic Regression,incubator-mxnet,6,0.5625,0.5294117647058824,0.5454545454545454
Logistic Regression,incubator-mxnet,7,0.5555555555555556,0.5555555555555556,0.5555555555555556
Logistic Regression,incubator-mxnet,8,0.6,0.5454545454545454,0.5714285714285714
Logistic Regression,incubator-mxnet,9,0.47058823529411764,0.4,0.43243243243243246
Logistic Regression,incubator-mxnet,10,0.5416666666666666,0.6190476190476191,0.5777777777777777
Logistic Regression,incubator-mxnet,11,0.6923076923076923,0.6923076923076923,0.6923076923076923
Logistic Regression,incubator-mxnet,12,0.7222222222222222,0.6842105263157895,0.7027027027027027
Logistic Regression,incubator-mxnet,13,0.5833333333333334,0.6666666666666666,0.6222222222222222
Logistic Regression,incubator-mxnet,14,0.625,0.5882352941176471,0.6060606060606061
Logistic Regression,incubator-mxnet,15,0.5,0.7222222222222222,0.5909090909090909
Logistic Regression,incubator-mxnet,16,0.6842105263157895,0.6190476190476191,0.65
Logistic Regression,incubator-mxnet,17,0.7142857142857143,0.5882352941176471,0.6451612903225806
Logistic Regression,incubator-mxnet,18,0.7058823529411765,0.631578947368421,0.6666666666666666
Logistic Regression,incubator-mxnet,19,0.8666666666666667,0.5,0.6341463414634146
Logistic Regression,incubator-mxnet,20,0.6111111111111112,0.4782608695652174,0.5365853658536586
Logistic Regression,incubator-mxnet,21,0.7142857142857143,0.7142857142857143,0.7142857142857143
Logistic Regression,incubator-mxnet,22,0.6190476190476191,0.5652173913043478,0.5909090909090909
Logistic Regression,incubator-mxnet,23,0.7647058823529411,0.8125,0.7878787878787878
Logistic Regression,incubator-mxnet,24,0.4,0.42857142857142855,0.41379310344827586
Logistic Regression,incubator-mxnet,25,0.7857142857142857,0.5,0.6111111111111112
Logistic Regression,incubator-mxnet,26,0.5555555555555556,0.7142857142857143,0.625
Logistic Regression,incubator-mxnet,27,0.6923076923076923,0.5,0.5806451612903226
Logistic Regression,incubator-mxnet,28,0.6923076923076923,0.5294117647058824,0.6
Logistic Regression,incubator-mxnet,29,0.7272727272727273,0.6153846153846154,0.6666666666666666
Logistic Regression,incubator-mxnet,30,0.6111111111111112,0.4230769230769231,0.5
Logistic Regression,caffe,1,0.5714285714285714,0.5,0.5333333333333333
Logistic Regression,caffe,2,0.6666666666666666,0.2222222222222222,0.3333333333333333
Logistic Regression,caffe,3,0.5,0.06666666666666667,0.11764705882352941
Logistic Regression,caffe,4,0.6666666666666666,0.36363636363636365,0.47058823529411764
Logistic Regression,caffe,5,0.6666666666666666,0.2222222222222222,0.3333333333333333
Logistic Regression,caffe,6,0.4,0.3333333333333333,0.36363636363636365
Logistic Regression,caffe,7,0.5,0.18181818181818182,0.26666666666666666
Logistic Regression,caffe,8,0.16666666666666666,0.2,0.18181818181818182
Logistic Regression,caffe,9,1.0,0.45454545454545453,0.625
Logistic Regression,caffe,10,0.3333333333333333,0.1,0.15384615384615385
Logistic Regression,caffe,11,1.0,0.2222222222222222,0.36363636363636365
Logistic Regression,caffe,12,1.0,0.125,0.2222222222222222
Logistic Regression,caffe,13,0.4,0.16666666666666666,0.23529411764705882
Logistic Regression,caffe,14,0.6,0.42857142857142855,0.5
Logistic Regression,caffe,15,0.8,0.2857142857142857,0.42105263157894735
Logistic Regression,caffe,16,0.2,0.3333333333333333,0.25
Logistic Regression,caffe,17,0.0,0.0,0.0
Logistic Regression,caffe,18,1.0,0.14285714285714285,0.25
Logistic Regression,caffe,19,0.4,0.16666666666666666,0.23529411764705882
Logistic Regression,caffe,20,0.6666666666666666,0.3333333333333333,0.4444444444444444
Logistic Regression,caffe,21,0.6,0.3333333333333333,0.42857142857142855
Logistic Regression,caffe,22,0.6,0.3333333333333333,0.42857142857142855
Logistic Regression,caffe,23,0.5,0.2857142857142857,0.36363636363636365
Logistic Regression,caffe,24,0.4,0.6666666666666666,0.5
Logistic Regression,caffe,25,0.6666666666666666,0.4,0.5
Logistic Regression,caffe,26,0.42857142857142855,0.23076923076923078,0.3
Logistic Regression,caffe,27,0.75,0.3,0.42857142857142855
Logistic Regression,caffe,28,0.5714285714285714,0.5,0.5333333333333333
Logistic Regression,caffe,29,0.36363636363636365,0.6666666666666666,0.47058823529411764
Logistic Regression,caffe,30,0.6,0.5,0.5454545454545454
XGBoost,tensorflow,1,0.6891891891891891,0.6623376623376623,0.6754966887417219
XGBoost,tensorflow,2,0.704225352112676,0.6172839506172839,0.6578947368421053
XGBoost,tensorflow,3,0.7424242424242424,0.6282051282051282,0.6805555555555556
XGBoost,tensorflow,4,0.8108108108108109,0.6185567010309279,0.7017543859649122
XGBoost,tensorflow,5,0.7349397590361446,0.7011494252873564,0.7176470588235294
XGBoost,tensorflow,6,0.72,0.6835443037974683,0.7012987012987013
XGBoost,tensorflow,7,0.6949152542372882,0.4823529411764706,0.5694444444444444
XGBoost,tensorflow,8,0.821917808219178,0.6741573033707865,0.7407407407407407
XGBoost,tensorflow,9,0.7123287671232876,0.5909090909090909,0.6459627329192547
XGBoost,tensorflow,10,0.7352941176470589,0.5952380952380952,0.6578947368421053
XGBoost,tensorflow,11,0.71875,0.5411764705882353,0.6174496644295302
XGBoost,tensorflow,12,0.696969696969697,0.5609756097560976,0.6216216216216216
XGBoost,tensorflow,13,0.6883116883116883,0.6973684210526315,0.6928104575163399
XGBoost,tensorflow,14,0.76,0.6627906976744186,0.7080745341614907
XGBoost,tensorflow,15,0.6578947368421053,0.6944444444444444,0.6756756756756757
XGBoost,tensorflow,16,0.7108433734939759,0.686046511627907,0.6982248520710059
XGBoost,tensorflow,17,0.7083333333333334,0.6710526315789473,0.6891891891891891
XGBoost,tensorflow,18,0.686046511627907,0.6276595744680851,0.6555555555555556
XGBoost,tensorflow,19,0.7536231884057971,0.6341463414634146,0.6887417218543046
XGBoost,tensorflow,20,0.7088607594936709,0.7567567567567568,0.7320261437908496
XGBoost,tensorflow,21,0.7027027027027027,0.6582278481012658,0.6797385620915033
XGBoost,tensorflow,22,0.703125,0.5555555555555556,0.6206896551724138
XGBoost,tensorflow,23,0.7261904761904762,0.6354166666666666,0.6777777777777778
XGBoost,tensorflow,24,0.717948717948718,0.6222222222222222,0.6666666666666666
XGBoost,tensorflow,25,0.7105263157894737,0.6835443037974683,0.6967741935483871
XGBoost,tensorflow,26,0.7014925373134329,0.5465116279069767,0.6143790849673203
XGBoost,tensorflow,27,0.7051282051282052,0.7051282051282052,0.7051282051282052
XGBoost,tensorflow,28,0.7761194029850746,0.5842696629213483,0.6666666666666666
XGBoost,tensorflow,29,0.6351351351351351,0.6266666666666667,0.6308724832214765
XGBoost,tensorflow,30,0.7962962962962963,0.5657894736842105,0.6615384615384615
XGBoost,pytorch,1,0.6956521739130435,0.5517241379310345,0.6153846153846154
XGBoost,pytorch,2,0.6470588235294118,0.3235294117647059,0.43137254901960786
XGBoost,pytorch,3,0.6,0.34615384615384615,0.43902439024390244
XGBoost,pytorch,4,0.5909090909090909,0.52,0.5531914893617021
XGBoost,pytorch,5,0.5384615384615384,0.4666666666666667,0.5
XGBoost,pytorch,6,0.42105263157894735,0.36363636363636365,0.3902439024390244
XGBoost,pytorch,7,0.6428571428571429,0.3333333333333333,0.43902439024390244
XGBoost,pytorch,8,0.631578947368421,0.5,0.5581395348837209
XGBoost,pytorch,9,0.47058823529411764,0.25,0.32653061224489793
XGBoost,pytorch,10,0.6666666666666666,0.32432432432432434,0.43636363636363634
XGBoost,pytorch,11,0.6842105263157895,0.5,0.5777777777777777
XGBoost,pytorch,12,0.5882352941176471,0.38461538461538464,0.46511627906976744
XGBoost,pytorch,13,0.6923076923076923,0.2727272727272727,0.391304347826087
XGBoost,pytorch,14,0.65,0.4482758620689655,0.5306122448979592
XGBoost,pytorch,15,0.6428571428571429,0.3103448275862069,0.4186046511627907
XGBoost,pytorch,16,0.5,0.3333333333333333,0.4
XGBoost,pytorch,17,0.3333333333333333,0.20689655172413793,0.2553191489361702
XGBoost,pytorch,18,0.47368421052631576,0.42857142857142855,0.45
XGBoost,pytorch,19,0.5454545454545454,0.375,0.4444444444444444
XGBoost,pytorch,20,0.56,0.5,0.5283018867924528
XGBoost,pytorch,21,0.5454545454545454,0.35294117647058826,0.42857142857142855
XGBoost,pytorch,22,0.6153846153846154,0.27586206896551724,0.38095238095238093
XGBoost,pytorch,23,0.36363636363636365,0.2962962962962963,0.32653061224489793
XGBoost,pytorch,24,0.5333333333333333,0.3076923076923077,0.3902439024390244
XGBoost,pytorch,25,0.4444444444444444,0.3076923076923077,0.36363636363636365
XGBoost,pytorch,26,0.625,0.38461538461538464,0.47619047619047616
XGBoost,pytorch,27,0.6363636363636364,0.23333333333333334,0.34146341463414637
XGBoost,pytorch,28,0.5238095238095238,0.4782608695652174,0.5
XGBoost,pytorch,29,0.7333333333333333,0.3142857142857143,0.44
XGBoost,pytorch,30,0.5,0.3,0.375
XGBoost,keras,1,0.5813953488372093,0.6410256410256411,0.6097560975609756
XGBoost,keras,2,0.6,0.5,0.5454545454545454
XGBoost,keras,3,0.7,0.5384615384615384,0.6086956521739131
XGBoost,keras,4,0.6842105263157895,0.5416666666666666,0.6046511627906976
XGBoost,keras,5,0.696969696969697,0.575,0.6301369863013698
XGBoost,keras,6,0.5945945945945946,0.6470588235294118,0.6197183098591549
XGBoost,keras,7,0.6046511627906976,0.6190476190476191,0.611764705882353
XGBoost,keras,8,0.5151515151515151,0.5151515151515151,0.5151515151515151
XGBoost,keras,9,0.6666666666666666,0.65,0.6582278481012658
XGBoost,keras,10,0.5757575757575758,0.3958333333333333,0.4691358024691358
XGBoost,keras,11,0.631578947368421,0.6486486486486487,0.64
XGBoost,keras,12,0.5476190476190477,0.6764705882352942,0.6052631578947368
XGBoost,keras,13,0.6764705882352942,0.5897435897435898,0.6301369863013698
XGBoost,keras,14,0.5853658536585366,0.631578947368421,0.6075949367088608
XGBoost,keras,15,0.6206896551724138,0.375,0.4675324675324675
XGBoost,keras,16,0.7,0.5833333333333334,0.6363636363636364
XGBoost,keras,17,0.6285714285714286,0.6470588235294118,0.6376811594202898
XGBoost,keras,18,0.6666666666666666,0.6153846153846154,0.64
XGBoost,keras,19,0.6818181818181818,0.6666666666666666,0.6741573033707865
XGBoost,keras,20,0.5365853658536586,0.5116279069767442,0.5238095238095238
XGBoost,keras,21,0.7878787878787878,0.5777777777777777,0.6666666666666666
XGBoost,keras,22,0.6756756756756757,0.6578947368421053,0.6666666666666666
XGBoost,keras,23,0.6341463414634146,0.6666666666666666,0.65
XGBoost,keras,24,0.6216216216216216,0.6388888888888888,0.6301369863013698
XGBoost,keras,25,0.6875,0.5365853658536586,0.6027397260273972
XGBoost,keras,26,0.6896551724137931,0.5405405405405406,0.6060606060606061
XGBoost,keras,27,0.6410256410256411,0.5813953488372093,0.6097560975609756
XGBoost,keras,28,0.75,0.627906976744186,0.6835443037974683
XGBoost,keras,29,0.625,0.5319148936170213,0.5747126436781609
XGBoost,keras,30,0.7096774193548387,0.5238095238095238,0.6027397260273972
XGBoost,incubator-mxnet,1,0.6470588235294118,0.5238095238095238,0.5789473684210527
XGBoost,incubator-mxnet,2,0.42857142857142855,0.5625,0.4864864864864865
XGBoost,incubator-mxnet,3,0.5,0.4117647058823529,0.45161290322580644
XGBoost,incubator-mxnet,4,0.375,0.1875,0.25
XGBoost,incubator-mxnet,5,0.6153846153846154,0.5,0.5517241379310345
XGBoost,incubator-mxnet,6,0.6363636363636364,0.4117647058823529,0.5
XGBoost,incubator-mxnet,7,0.5,0.2777777777777778,0.35714285714285715
XGBoost,incubator-mxnet,8,0.4444444444444444,0.36363636363636365,0.4
XGBoost,incubator-mxnet,9,0.35714285714285715,0.25,0.29411764705882354
XGBoost,incubator-mxnet,10,0.65,0.6190476190476191,0.6341463414634146
XGBoost,incubator-mxnet,11,0.6,0.46153846153846156,0.5217391304347826
XGBoost,incubator-mxnet,12,0.14285714285714285,0.05263157894736842,0.07692307692307693
XGBoost,incubator-mxnet,13,0.5714285714285714,0.5714285714285714,0.5714285714285714
XGBoost,incubator-mxnet,14,0.5833333333333334,0.4117647058823529,0.4827586206896552
XGBoost,incubator-mxnet,15,0.6153846153846154,0.4444444444444444,0.5161290322580645
XGBoost,incubator-mxnet,16,0.7222222222222222,0.6190476190476191,0.6666666666666666
XGBoost,incubator-mxnet,17,0.4,0.23529411764705882,0.2962962962962963
XGBoost,incubator-mxnet,18,0.6363636363636364,0.3684210526315789,0.4666666666666667
XGBoost,incubator-mxnet,19,0.8181818181818182,0.34615384615384615,0.4864864864864865
XGBoost,incubator-mxnet,20,0.5833333333333334,0.30434782608695654,0.4
XGBoost,incubator-mxnet,21,0.6875,0.5238095238095238,0.5945945945945946
XGBoost,incubator-mxnet,22,0.47368421052631576,0.391304347826087,0.42857142857142855
XGBoost,incubator-mxnet,23,0.5,0.4375,0.4666666666666667
XGBoost,incubator-mxnet,24,0.5714285714285714,0.5714285714285714,0.5714285714285714
XGBoost,incubator-mxnet,25,0.8,0.36363636363636365,0.5
XGBoost,incubator-mxnet,26,0.5294117647058824,0.6428571428571429,0.5806451612903226
XGBoost,incubator-mxnet,27,0.7692307692307693,0.5555555555555556,0.6451612903225806
XGBoost,incubator-mxnet,28,0.6153846153846154,0.47058823529411764,0.5333333333333333
XGBoost,incubator-mxnet,29,0.4444444444444444,0.15384615384615385,0.22857142857142856
XGBoost,incubator-mxnet,30,0.5,0.19230769230769232,0.2777777777777778
XGBoost,caffe,1,1.0,0.375,0.5454545454545454
XGBoost,caffe,2,0.5,0.1111111111111111,0.18181818181818182
XGBoost,caffe,3,0.6,0.2,0.3
XGBoost,caffe,4,0.42857142857142855,0.2727272727272727,0.3333333333333333
XGBoost,caffe,5,0.3333333333333333,0.3333333333333333,0.3333333333333333
XGBoost,caffe,6,0.25,0.3333333333333333,0.2857142857142857
XGBoost,caffe,7,0.5714285714285714,0.36363636363636365,0.4444444444444444
XGBoost,caffe,8,0.6,0.6,0.6
XGBoost,caffe,9,0.3333333333333333,0.18181818181818182,0.23529411764705882
XGBoost,caffe,10,0.5,0.1,0.16666666666666666
XGBoost,caffe,11,0.5,0.2222222222222222,0.3076923076923077
XGBoost,caffe,12,0.8,0.25,0.38095238095238093
XGBoost,caffe,13,0.5,0.08333333333333333,0.14285714285714285
XGBoost,caffe,14,0.25,0.14285714285714285,0.18181818181818182
XGBoost,caffe,15,0.6666666666666666,0.14285714285714285,0.23529411764705882
XGBoost,caffe,16,0.5,0.3333333333333333,0.4
XGBoost,caffe,17,0.5,0.06666666666666667,0.11764705882352941
XGBoost,caffe,18,0.5,0.5714285714285714,0.5333333333333333
XGBoost,caffe,19,0.6,0.25,0.35294117647058826
XGBoost,caffe,20,1.0,0.3333333333333333,0.5
XGBoost,caffe,21,0.6,0.3333333333333333,0.42857142857142855
XGBoost,caffe,22,0.5,0.3333333333333333,0.4
XGBoost,caffe,23,0.4,0.2857142857142857,0.3333333333333333
XGBoost,caffe,24,0.2,0.16666666666666666,0.18181818181818182
XGBoost,caffe,25,0.5,0.1,0.16666666666666666
XGBoost,caffe,26,0.5,0.23076923076923078,0.3157894736842105
XGBoost,caffe,27,0.75,0.3,0.42857142857142855
XGBoost,caffe,28,1.0,0.5,0.6666666666666666
XGBoost,caffe,29,0.42857142857142855,0.5,0.46153846153846156
XGBoost,caffe,30,0.25,0.16666666666666666,0.2
